date,clones,uniqueCloners,views,uniqueVisitors
2026-08-21,0,0,0,0
2026-08-22,0,0,0,0
2026-08-23,0,0,0,0
2026-08-24,0,0,0,0
2026-08-25,0,0,0,0
2026-08-26,0,0,0,0
2026-08-27,0,0,0,0
2026-08-28,0,0,0,0
2026-08-29,0,0,0,0
2026-08-30,0,0,0,0
2026-08-31,0,0,0,0
2026-09-01,0,0,0,0
2026-09-02,0,0,0,0
2026-09-03,68,17,3,2
2026-09-04,11,7,0,0
2026-09-05,8,5,0,0
2026-09-06,3,3,0,0
2026-09-07,6,3,0,0
2026-09-08,0,0,0,0
2026-09-09,0,0,0,0
2026-09-10,0,0,0,0
2026-09-11,1,1,0,0
2026-09-12,1,1,0,0
2026-09-13,0,0,0,0
